{
  "workload": "W1-train",
  "server_count": 1000,
  "utilization": 0.6,
  "starting_weight_sample_id": 0,
  "optimized_pbar_kw_per_server": 0.34082290530204773,
  "optimized_r_kw_per_server": 0.34082189202308655,
  "optimized_weights": [
    0.2500109374523163,
    0.25001394748687744,
    0.25000569224357605,
    0.249969482421875
  ],
  "predicted_M_RSR": 3.0536158084869385,
  "predicted_C_track": 2.036996364593506,
  "predicted_C_Qos": 1.4204787015914917,
  "predicted_C_total": 6.511091232299805,
  "pbar_bounds_kw_per_server": [
    0.1791,
    0.763
  ],
  "pr_upper_bound_kw_per_server": 0.9156,
  "r_lower_bound_kw_per_server": 0.01,
  "weight_bounds": [
    0.025,
    0.925
  ]
}