Configuration,Weight_Sample_ID,Pbar_kw_per_server,R_kw_per_server,Weight_0,Weight_1,Weight_2,Weight_3,Predicted_M_RSR,Predicted_C_track,Predicted_C_Qos,Predicted_C_total,Actual_M_RSR,Actual_C_track,Actual_C_Qos,Actual_C_total
Starting sampled pilot point,0,0.5034888888888889,0.233395061728395,0.25,0.25,0.25,0.25,25.973146438598633,2.730248212814331,1.0561813116073608,29.75957489013672,27.039890463472226,4.448475443638259,1.1962777387631836,32.68464364587367
Surrogate optimized point (run in FlexDC next),continuous,0.34082290530204773,0.34082189202308655,0.2500109374523163,0.25001394748687744,0.25000569224357605,0.249969482421875,3.0536158084869385,2.036996364593506,1.4204787015914917,6.511091232299805,,,,
Best sampled equal-weight pilot point,0,0.3737333333333333,0.3737333333333333,0.25,0.25,0.25,0.25,2.4077699184417725,2.2997663021087646,1.3603512048721313,6.067887306213379,0.1175390285000012,4.445064137151139,1.2385392138646747,5.801142379515815
Best sampled pilot point (all accepted weights),45,0.3737333333333333,0.3737333333333333,0.4092368545544122,0.2012895207661005,0.1751126189247111,0.2143610057547759,2.3925108909606934,2.3097941875457764,1.3676012754440308,6.069906234741211,0.1196257044166676,4.451888706949165,1.1962777387631836,5.767792150129016
