iter,sample,CostTheory,costPower,costError,costQoS,P,R,Pcoef,Rcoef,weight1,weight2,weight3,weight4,weight5,weight6,weight7,weight8,prob1,prob2,prob3,prob4,prob5,prob6,prob7,prob8
0,0,140.034659,2.160900,8.263856,129.609903,10671,3468,0.999918,0.599870,0.125,0.125,0.125,0.125,0.125,0.125,0.125,0.125,0,0,1.0,1.0,1.0,0,0,0
1,0,46.938845,2.180100,8.665831,36.092914,10723,3456,1.004791,0.597795,0.111633,0.111633,0.150429,0.13353,0.153517,0.111633,0.115992,0.111633,0,0,0.03211678832116793,0.09090909090909083,0.8438287153652393,0,0,0
1,1,102.257377,2.180100,8.665831,91.411446,10723,3456,1.004791,0.597795,0.111633,0.111633,0.150429,0.13353,0.153517,0.111633,0.115992,0.111633,0,0,0.2041666666666666,1.0,1.0,0,0,0
1,3,126.450691,2.180100,8.665831,115.604760,10723,3456,1.004791,0.597795,0.111633,0.111633,0.150429,0.13353,0.153517,0.111633,0.115992,0.111633,0,0,0.9928977272727273,0.7153284671532847,1.0,0,0,0
1,2,64.898164,2.180100,8.665831,54.052232,10723,3456,1.004791,0.597795,0.111633,0.111633,0.150429,0.13353,0.153517,0.111633,0.115992,0.111633,0,0,0.3041606886657101,0.11643835616438358,1.0,0,0,0
2,3,64.033495,2.217600,9.422484,52.393410,10808,3416,1.012755,0.590876,0.103214,0.103214,0.159253,0.137826,0.182074,0.103214,0.107991,0.103214,0,0,0.1910919540229885,0.19999999999999996,1.0,0,0.022727272727272818,0
2,0,109.354563,2.217600,9.422484,97.714478,10808,3416,1.012755,0.590876,0.103214,0.103214,0.159253,0.137826,0.182074,0.103214,0.107991,0.103214,0,0,0,1.0,1.0,0,0.33551198257080606,0
2,2,54.890705,2.217600,9.422484,43.250620,10808,3416,1.012755,0.590876,0.103214,0.103214,0.159253,0.137826,0.182074,0.103214,0.107991,0.103214,0,0,0.04149377593360992,0.03614457831325302,1.0,0,0,0
2,1,55.130006,2.217600,9.422484,43.489922,10808,3416,1.012755,0.590876,0.103214,0.103214,0.159253,0.137826,0.182074,0.103214,0.107991,0.103214,0,0,0,0.08536585365853655,1.0,0,0,0
