{
  "workload": "W1-train",
  "server_count": 1000,
  "utilization": 0.6,
  "starting_weight_sample_id": 0,
  "starting_pbar_kw_per_server": 0.5034888888888889,
  "starting_r_kw_per_server": 0.233395061728395,
  "optimized_pbar_kw_per_server": 0.17910000681877136,
  "optimized_r_kw_per_server": 0.17909900844097137,
  "optimized_weights": [
    0.24961571395397186,
    0.25007474422454834,
    0.24949437379837036,
    0.25081518292427063
  ],
  "predicted_M_RSR": 6.3700361251831055,
  "predicted_C_track": 0.8864817023277283,
  "predicted_C_Qos": 1.723807692527771,
  "predicted_C_total": 8.980325698852539,
  "optimization_objective": 20.54556655883789,
  "tracking_weight": 2.0,
  "qos_weight": 2.0,
  "reserve_penalty_per_kw_server": 50.0,
  "min_pbar_minus_r": 1e-06,
  "pbar_bounds_kw_per_server": [
    0.1791,
    0.763
  ],
  "pr_upper_bound_kw_per_server": 0.9156,
  "r_lower_bound_kw_per_server": 0.01,
  "weight_bounds": [
    0.025,
    0.925
  ]
}