Configuration,Pbar_kw_per_server,R_kw_per_server,Weights,Predicted_Scaled_cost_power,Predicted_Scaled_cost_error,Predicted_Scaled_cost_qos,Predicted_Optimization_Objective,Actual_Scaled_cost_power,Actual_Scaled_cost_error,Actual_Scaled_cost_qos,Actual_Optimization_Objective
Starting sampled point,0.5034888888888889,0.233395061728395,"[0.25, 0.25, 0.25, 0.25]",10.766650199890137,1.7982732057571411,0.8055393695831299,3.4082024931907653,9.723384,0.06098092694444446,0.00198054811018436,0.5328169450814797
CONDOR-selected continuous point,0.41643431782722473,0.2048194855451584,"[0.6909558773040771, 0.07789193838834763, 0.0609363429248333, 0.17021599411964417]",8.580634117126465,0.48178520798683167,-0.45147302746772766,-0.13666468858718872,,,,
Best sampled pilot point,0.3737333333333333,0.3333185185185185,"[0.395798606643327, 0.2512477944774882, 0.2145618365042099, 0.1383917623749747]",,,,,1.4549039999999998,0.04760906383333335,0.00198054811018436,0.11003264090370206
